<?xml version="1.0"?>
<doc>
    <assembly>
        <name>FullInspectorEditor</name>
    </assembly>
    <members>
        <member name="T:FullInspector.Internal.AbstractTypePropertyEditor">
            <summary>
            Provides a property editor for types which cannot be instantiated directly and require the
            user to select a specific instance to instantiate.
            </summary>
        </member>
        <member name="T:FullInspector.IPropertyEditor">
            <summary>
            Marks an object as a property editor. You're going to probably want to extend
            PropertyEditor[T] instead of this interface, as it provides a type-safe interface.
            </summary>
        </member>
        <member name="M:FullInspector.IPropertyEditor.Edit(UnityEngine.Rect,UnityEngine.GUIContent,System.Object)">
            <summary>
            Edit the given element.
            </summary>
            <param name="region">The rect on the screen to draw the GUI controls.</param>
            <param name="label">The label to label the controls with.</param>
            <param name="element">The element itself to edit. This can be mutated directly. For
            values which cannot be mutated, such as structs, the return value is used to update the
            stored value.</param>
            <returns>An updated instance of the element.</returns>
        </member>
        <member name="M:FullInspector.IPropertyEditor.GetElementHeight(UnityEngine.GUIContent,System.Object)">
            <summary>
            Returns the height of the region that needs editing.
            </summary>
            <param name="label">The label that will be used when editing.</param>
            <param name="element">The element that will be edited.</param>
            <returns>The height of the region that needs editing.</returns>
        </member>
        <member name="T:FullInspector.Internal.ArrayListAdaptor`1">
            <summary>
            Reorderable list adapter for arrays.
            </summary>
        </member>
        <member name="T:FullInspector.Internal.ArrayPropertyEditor`1">
            <summary>
            Provides a property editor for arrays, or a type T[].
            </summary>
        </member>
        <member name="T:FullInspector.PropertyEditor`1">
            <summary>
            A class that makes extending IPropertyEditor easier.
            </summary>
            <remarks>
            This class is automatically discovered and injected in the data rendering process. No
            explicit registration of the type is necessary.
            </remarks>
            <typeparam name="ElementType">The element type that the data editor will edit</typeparam>
        </member>
        <member name="M:FullInspector.PropertyEditor`1.Edit(UnityEngine.Rect,UnityEngine.GUIContent,`0)">
            <summary>
            Edit the given element.
            </summary>
            <param name="region">The rect on the screen to draw the GUI controls.</param>
            <param name="label">The label to label the controls with.</param>
            <param name="element">The element itself to edit. This can be mutated directly. For
            values which cannot be mutated, such as structs, the return value is used to update the
            stored value.</param>
            <returns>An updated instance of the element.</returns>
        </member>
        <member name="M:FullInspector.PropertyEditor`1.GetElementHeight(UnityEngine.GUIContent,`0)">
            <summary>
            Returns the height of the region that needs editing.
            </summary>
            <param name="label">The label that will be used when editing.</param>
            <param name="element">The element that will be edited.</param>
            <returns>The height of the region that needs editing.</returns>
        </member>
        <member name="T:FullInspector.Internal.CommentUtils">
            <summary>
            Contains some utility functions that are useful when drawing the GUI for CommentAttributes.
            </summary>
        </member>
        <member name="T:FullInspector.FullInspectorCommonSerializedObjectEditor">
            <summary>
            An editor that provides a good inspector experience for types which derive from
            ISerializedObject.
            </summary>
        </member>
        <member name="F:FullInspector.FullInspectorCommonSerializedObjectEditor._editorShowSerializedState">
            <summary>
            This is accessed by the BaseBehaviorEditor (using reflection) to determine if the editor
            should show the value for _serializedState.
            </summary>
        </member>
        <member name="M:FullInspector.FullInspectorCommonSerializedObjectEditor.EnsureRestored(FullInspector.ISerializedObject)">
            <summary>
            Ensures that the given behavior has been restored so that it can be edited with the
            proper data populated.
            </summary>
        </member>
        <member name="T:FullInspector.CustomPropertyEditorAttribute">
            <summary>
            An annotation that signals that a class is a property editor for a given property type.
            </summary>
            <remarks>
            If the property editor is editing a generic type, then PropertyType should just be an open
            generic type reflecting the edited type. For example, for a List property editor,
            PropertyType should be typeof(List{}) (where {} are angle brackets).
            </remarks>
        </member>
        <member name="F:FullInspector.CustomPropertyEditorAttribute.PropertyType">
            <summary>
            The type of property that this class is a property editor for. This can be either a
            non-generic type or an open generic type (List{} is an open generic type, but List[int]
            is not).
            </summary>
        </member>
        <member name="F:FullInspector.CustomPropertyEditorAttribute.Inherit">
            <summary>
            Should this editor type be used for inherited PropertyTypes? If Inherit is true, then
            the first generic parameter of your property editor type will be automatically populated
            with the derived type that the property editor is being used to edit.
            </summary>
        </member>
        <member name="M:FullInspector.CustomPropertyEditorAttribute.#ctor(System.Type)">
            <summary>
            Mark this type as an IPropertyEditor. It will be instantiated automatically.
            </summary>
            <param name="propertyType">The type of property that this PropertyEditor is
            editing.</param>
        </member>
        <member name="M:FullInspector.CustomPropertyEditorAttribute.#ctor(System.Type,System.Boolean)">
            <summary>
            Mark this type as an IPropertyEditor. It will be instantiated automatically.
            </summary>
            <param name="propertyType">The type of property that this PropertyEditor is
            editing.</param>
            <param name="inherit">If true, then this PropertyEditor will also be used for types that
            derive from propertyType. If true, then this also has implications on the generic
            parameter list. See the documentation on the member variable for more
            information.</param>
        </member>
        <member name="T:FullInspector.Internal.DictionaryAdapter`2">
            <summary>
            Reorderable list adapter for generic collections.
            </summary>
            <remarks>
            <para>This adapter can be subclassed to add special logic to item height calculation. You
            may want to implement a custom adapter class where specialized functionality is
            needed.</para>
            </remarks>
        </member>
        <member name="M:FullInspector.Internal.DictionaryAdapter`2.#ctor(System.Collections.Generic.IDictionary{`0,`1},FullInspector.Rotorz.ReorderableList.ReorderableListControl.ItemDrawer{`0},FullInspector.Rotorz.ReorderableList.ReorderableListControl.ItemDrawer{`1},System.Func{System.Collections.Generic.KeyValuePair{`0,`1},System.Single},System.Func{System.Collections.Generic.KeyValuePair{`0,`1}})">
            <summary>
            Initializes a new instance of DictionaryAdapter.
            </summary>
            <param name="dictionary">The dictionary that will be adapter for Rotorz</param>
            <param name="keyDrawer">The function that will edit keys in the dictionary</param>
            <param name="valueDrawer">The function that will edit values in the dictionary</param>
            <param name="itemHeight">The function that computes the height of dictionary
            items</param>
            <param name="itemGenerator">The function used to generate new items. If null, then the
            default item generator is used</param>
        </member>
        <member name="T:FullInspector.Internal.EnumPropertyEditor">
            <summary>
            Provides a property editor for enums.
            </summary>
        </member>
        <member name="T:FullInspector.PrefabResetDetector">
            <summary>
            A helper class that identifies when an ISerializedObject has been reverted to its prefab
            state.
            </summary>
            <remarks>
            This type caches the current serialized state of an object. If the state has changed since
            the last update, then a prefab reset has occurred.
            </remarks>
        </member>
        <member name="M:FullInspector.PrefabResetDetector.Update(FullInspector.ISerializedObject)">
            <summary>
            Update the stored serialized state of the given object.
            </summary>
        </member>
        <member name="M:FullInspector.PrefabResetDetector.WasReset(FullInspector.ISerializedObject)">
            <summary>
            Returns true if the given object has been reset since its last update.
            </summary>
        </member>
        <member name="T:FullInspector.Internal.GameObjectPropertyEditor">
            <summary>
            Provides a property editor for GameObject
            </summary>
        </member>
        <member name="T:FullInspector.Internal.GenericListAdaptorWithDynamicHeight`1">
            <summary>
            Reorderable list adapter for generic list.
            </summary>
            <remarks>
            <para>This adapter can be subclassed to add special logic to item height calculation. You
            may want to implement a custom adapter class where specialized functionality is
            needed.</para>
            </remarks>
        </member>
        <member name="M:FullInspector.Internal.GenericListAdaptorWithDynamicHeight`1.#ctor(System.Collections.Generic.IList{`0},FullInspector.Rotorz.ReorderableList.ReorderableListControl.ItemDrawer{`0},System.Func{`0,System.Single},System.Func{`0})">
            <summary>
            Initializes a new instance of <see cref="T:FullInspector.Rotorz.ReorderableList.GenericListAdaptor`1"/>.
            </summary>
            <param name="list">The list which can be reordered.</param>
            <param name="itemDrawer">Callback to draw list item.</param>
            <param name="itemHeight">Height of list item in pixels.</param>
            <param name="itemGenerator">The function used to generate new items. If null, then the
            default item generator is used.</param>
        </member>
        <member name="T:FullInspector.Internal.IDictionaryPropertyEditor`3">
            <summary>
            The base dictionary property editor provides common code for editing dictionaries. To enable
            support for editing an IDictionary type, all one needs to do is extend this class with the
            appropriate type parameters filled in.
            </summary>
            <typeparam name="TDictionary">The dictionary type (must extend IDictionary[TKey,
            TValue])</typeparam> <typeparam name="TKey">The key type stored in the
            dictionary.</typeparam> <typeparam name="TValue">The value type stored in the
            dictionary.</typeparam>
        </member>
        <member name="F:FullInspector.Internal.IDictionaryPropertyEditor`3.ListKeyAddMargin">
            <summary>
            The margin between the end of the list and the add key button.
            </summary>
        </member>
        <member name="F:FullInspector.Internal.IDictionaryPropertyEditor`3.ListKeyEndMargin">
            <summary>
            The amount of space at the after the add key region.
            </summary>
        </member>
        <member name="F:FullInspector.Internal.IDictionaryPropertyEditor`3.KeyEditor">
            <summary>
            The key editor that we use for editing key values.
            </summary>
        </member>
        <member name="F:FullInspector.Internal.IDictionaryPropertyEditor`3.ValueEditor">
            <summary>
            The value editor that we use for editing values.
            </summary>
        </member>
        <member name="F:FullInspector.Internal.IDictionaryPropertyEditor`3._nextKey">
            <summary>
            The current value for the next key that we will insert into the dictionary. We show a
            custom property editor for this value below the list GUI.
            </summary>
        </member>
        <member name="M:FullInspector.Internal.IDictionaryPropertyEditor`3.DrawKey(UnityEngine.Rect,`1)">
            <summary>
            Draws a key in the dictionary's KeyValuePair.
            </summary>
        </member>
        <member name="M:FullInspector.Internal.IDictionaryPropertyEditor`3.DrawValue(UnityEngine.Rect,`2)">
            <summary>
            Draws a value in the dictionary's KeyValuePair.
            </summary>
        </member>
        <member name="M:FullInspector.Internal.IDictionaryPropertyEditor`3.SplitRect(UnityEngine.Rect,System.Single,System.Single,UnityEngine.Rect@,UnityEngine.Rect@)">
            <summary>
            Splits the given rect into two rects that are divided horizontally.
            </summary>
            <param name="rect">The rect to split</param>
            <param name="percentage">The horizontal percentage that the rects are split at</param>
            <param name="margin">How much space that should be between the two rects</param>
            <param name="left">The output left-hand side rect</param>
            <param name="right">The output right-hand side rect</param>
        </member>
        <member name="M:FullInspector.Internal.IDictionaryPropertyEditor`3.SplitRectAbsolute(UnityEngine.Rect,System.Single,System.Single,UnityEngine.Rect@,UnityEngine.Rect@)">
            <summary>
            Splits the given rect into two rects that are divided horizontally.
            </summary>
            <param name="rect">The rect to split</param>
            <param name="leftWidth">The horizontal size of the left rect</param>
            <param name="margin">How much space that should be between the two rects</param>
            <param name="left">The output left-hand side rect</param>
            <param name="right">The output right-hand side rect</param>
        </member>
        <member name="M:FullInspector.Internal.IDictionaryPropertyEditor`3.GetAdapter(System.Collections.Generic.IDictionary{`1,`2})">
            <summary>
            Gets a reorderable list adapter for a dictionary. The implementation is somewhat hacky
            and slow, but it works.
            </summary>
        </member>
        <member name="M:FullInspector.Internal.IDictionaryPropertyEditor`3.DrawEmpty(UnityEngine.Rect)">
            <summary>
            Draws an empty dictionary.
            </summary>
        </member>
        <member name="M:FullInspector.Internal.IDictionaryPropertyEditor`3.GetItemHeight(System.Collections.Generic.KeyValuePair{`1,`2})">
            <summary>
            Returns the height of an individual item in the dictionary list.
            </summary>
        </member>
        <member name="M:FullInspector.Internal.IDictionaryPropertyEditor`3.EnsureKeyDefaults(`1@)">
            <summary>
            Ensures that the given key has a valid default value. Dictionaries don't like null
            strings.
            </summary>
        </member>
        <member name="M:FullInspector.Internal.IDictionaryPropertyEditor`3.GetBottomHeight">
            <summary>
            Returns the height of the bottom element of the dictionary property editor. More
            precisely, the bottom element is the "Add Key" button and the "Add Key" property
            inspector.
            </summary>
        </member>
        <member name="T:FullInspector.Internal.IListPropertyEditor`2">
            <summary>
            Convenience class that wraps other IPropertyEditors and allows them to be List[T] to be
            edited as a reorderable list.
            </summary>
            <remarks>
            This uses the open type property editor injection system to automatically inject itself for
            those ElementTypes which have PropertyEditors.
            </remarks>
        </member>
        <member name="T:FullInspector.Internal.IObjectPropertyEditor">
            <summary>
            Used to remove the generic arguments from ObjectPropertyEditor so that it can be used as a
            "banned" argument for PropertyEditor.Get
            </summary>
        </member>
        <member name="T:FullInspector.Internal.ObjectPropertyEditor`1">
            <summary>
            Provides an ObjectField for every type which derives from Object.
            </summary>
            <typeparam name="ObjectType">The actual type of the derived parameter</typeparam>
        </member>
        <member name="T:FullInspector.PropertyEditor">
            <summary>
            Manages the discovery of PropertyEditor class instances.
            </summary>
        </member>
        <member name="F:FullInspector.PropertyEditor._inheritedPropertyEditorTypes">
            <summary>
            A dictionary of base types to their property editors. The given base types should be
            used in derived types for their property editors.
            </summary>
        </member>
        <member name="F:FullInspector.PropertyEditor._genericPropertyEditorTypes">
            <summary>
            This list contains the all types that extend IGenericPropertyEditorTag
            </summary>
        </member>
        <member name="F:FullInspector.PropertyEditor.UserDefinedNonGenericPropertyEditors">
            <summary>
            Contains a mapping of type to its cached property editor. By default, this contains all
            property editors tagged with IPropertyEditorTag
            </summary>
        </member>
        <member name="M:FullInspector.PropertyEditor.CreateInheritedPropertyEditor(System.Type,System.Type,System.Type)">
            <summary>
            Creates an instance of the given propertyEditorType for the given specificPropertyType
            and the given associatedPropertyType.
            </summary>
            <param name="specificPropertyType">The property type that the editor is being created
            for. This is the first generic argument to generic inherited property editors. An
            example for an IList[T] property editor would be List[Int].</param>
            <param name="associatedPropertyType">The (closed generic) type that was used to identify
            that the propertyEditorType should be used for the specificPropertyType. This is used
            for populating the rest of the parameters for the propertyEditorType. An example for an
            IList[T] property editor would be IList[int].</param>
            <param name="propertyEditorType">The IPropertyEditor type. This can be generic and the
            generic arguments will be correctly populated with values from the specificPropertyType
            and the associatedPropertyType.</param>
            <returns>An IPropertyEditor customized for the given propertyType.</returns>
        </member>
        <member name="M:FullInspector.PropertyEditor.Get(System.Type,System.Type[])">
            <summary>
            Returns an IPropertyEditor that can edit the given type. This will not return any
            property editors that are created from a type contained in bannedPropertyEditorTypes.
            </summary>
            <param name="propertyType">The type that an IPropertyEditor should be fetched
            for.</param>
            <param name="bannedPropertyEditorTypes">A list of types which will not be used to
            derived propertyType from.</param>
            <returns>An IPropertyEditor that can be used to edit the given propertyType.</returns>
        </member>
        <member name="M:FullInspector.PropertyEditor.Get(System.Type)">
            <summary>
            Returns an IPropertyEditor that can edit the given type.
            </summary>
            <param name="propertyType">The type of property/field that is being edited.</param>
        </member>
        <member name="M:FullInspector.PropertyEditor.Get``1">
            <summary>
            Returns a PropertyEditor that can edit the given field or property type. If there is no
            registered PropertyEditor for the given type, then an InvalidOperationException is
            thrown.
            </summary>
            <typeparam name="TProperty">The type of property/field that is being edited.</typeparam>
        </member>
        <member name="M:FullInspector.PropertyEditor.Get``1(System.Type[])">
            <summary>
            Returns an IPropertyEditor that can edit the given type. This will not return any
            property editors that are created from a type contained in bannedPropertyEditorTypes.
            </summary>
            <param name="bannedPropertyEditorTypes">A list of types which will not be used to
            derived propertyType from.</param> <typeparam name="TProperty">The type of
            property/field that is being edited.</typeparam>
            <returns>An IPropertyEditor that can be used to edit the given propertyType.</returns>
        </member>
        <member name="M:FullInspector.PropertyEditor.AutoEditor``1(System.String,``0)">
            <summary>
            Provides a simple editing interface for a property. The positioning of the property
            editor is computed using the EditorGUILayout control rect system.
            </summary>
            <remarks>
            This is almost always going to be the method that you should use when providing a custom
            data inspector. It handles layout automatically, and the automatically generated
            inspectors assume that the EditorGUILayout control rect will function in a certain
            manner.
            </remarks>
            <typeparam name="TProperty">The type of property that is being edited.</typeparam>
            <param name="label">The label to use for the property.</param>
            <param name="value">The current value of the property.</param>
            <returns>The updated value for the property.</returns>
        </member>
        <member name="T:FullInspector.Internal.ReflectedPropertyEditor">
            <summary>
            The general property editor that takes over when there is no specific override. This uses
            reflection to discover what values to edit.
            </summary>
        </member>
        <member name="F:FullInspector.Internal.ReflectedPropertyEditor.TitleHeight">
            <summary>
            How tall the label element should be.
            </summary>
        </member>
        <member name="F:FullInspector.Internal.ReflectedPropertyEditor.DividerHeight">
            <summary>
            How much space is between each element.
            </summary>
        </member>
        <member name="F:FullInspector.Internal.ReflectedPropertyEditor.CommentMargin">
            <summary>
            The margin for comments
            </summary>
        </member>
        <member name="F:FullInspector.Internal.ReflectedPropertyEditor.MinimumFoldoutHeight">
            <summary>
            The minimum height a child property editor has to be before a foldout is displayed
            </summary>
        </member>
        <member name="M:FullInspector.Internal.ReflectedPropertyEditor.HasLabel(UnityEngine.GUIContent)">
            <summary>
            Returns true if the given GUIContent element contains any content.
            </summary>
        </member>
        <member name="M:FullInspector.Internal.ReflectedPropertyEditor.DrawLabel(UnityEngine.Rect,UnityEngine.GUIContent)">
            <summary>
            Draws a label at the given region. Returns an indented rectangle that can be used for
            drawing properties directly under the label.
            </summary>
        </member>
        <member name="M:FullInspector.Internal.ReflectedPropertyEditor.ShowProperty(FullInspector.Internal.PropertyMetadata)">
            <summary>
            Returns true if the given property should be displayed in the inspector.
            </summary>
        </member>
        <member name="M:FullInspector.Internal.ReflectedPropertyEditor.EditProperties(UnityEngine.Rect,System.Object)">
            <summary>
            Draws the actual property editors.
            </summary>
        </member>
        <member name="T:FullInspector.Internal.ReflectedPropertyEditor.ObjectMap`1">
            <summary>
            Returns an associated object for another object.
            </summary>
        </member>
        <member name="T:FullInspector.Internal.ReflectedPropertyEditor.StateObject">
            <summary>
            Metadata we store on edited objects to determine if we should show a foldout. This
            object instance is fetched using ObjectMap{StateObject}.
            </summary>
        </member>
        <member name="F:FullInspector.Internal.ReflectionUtilities._creatableTypeCache">
            <summary>
            A cache of all types that derive the key type in the AppDomain. The cache is
            automatically destroyed upon assembly loads.
            </summary>
        </member>
        <member name="M:FullInspector.Internal.ReflectionUtilities.GetCreatableTypesDeriving(System.Type)">
            <summary>
            Returns all types that derive from the base type. This includes generic type
            definitions, which when returned will have appropriate constructor values injected.
            </summary>
            <param name="baseType">The base parent type.</param>
        </member>
        <member name="M:FullInspector.Internal.ReflectionUtilities.GetIndexOfName(System.Type[],System.String)">
            <summary>
            Helper method to return the index of the Type in the array that has the given Name (or
            - 1 if the item is not in the array).
            </summary>
        </member>
        <member name="M:FullInspector.Internal.ReflectionUtilities.SelectBestTypeParameters(System.Collections.Generic.List{FullInspector.Internal.ReflectionUtilities.GenericParameterCandidate},System.Type)">
            <summary>
            Orders the given types parameter array so that the order most closely matches the given
            genericArguments array
            </summary>
            <param name="candidateTypes">The types that have been collected as potential candidates
            for generic parameter arguments</param>
            <param name="openGenericType">The type that we are going to use the candidateTypes for
            constructing a closed generic type on</param>
            <returns>An array of types that can (hopefully) be used to construct a closed generic
            type from the given openGenericType.</returns>
        </member>
        <member name="M:FullInspector.Internal.ReflectionUtilities.TryConstructAssignableGenericType(System.Type,System.Type,System.Type,System.Type[],System.Type@)">
            <summary>
            Attempts to create an instance of openGenericType such that it is can be assigned to
            baseType.
            </summary>
            <param name="openGenericType">An open generic type that derives baseType</param>
            <param name="baseType">A generic type with fully populated type parameters.</param>
            <param name="baseTypeGenericDefinition">Just baseType.GetGenericTypeDefinition()</param>
            <param name="baseTypeGenericArguments">Just baseType.GetGenericArguments()</param>
            <param name="constructedType">If this function returns true, then this value is set to
            the created type that is assignable to baseType and an instance of
            openGenericType.</param>
            <returns>True if a type was constructed, false otherwise.</returns>
        </member>
        <member name="M:FullInspector.Internal.ReflectionUtilities.GetExactImplementation(System.Type,System.Type)">
            <summary>
            Searches for a particular implementation of the given parent type inside of the type.
            This is particularly useful if the interface type is an open type, ie, typeof(IFace{}),
            because this method will then return IFace{} but with appropriate type parameters
            inserted.
            </summary>
            <param name="type">The base type to search for interface</param>
            <param name="parentType">The parent type to search for. Can be an open generic
            type.</param>
            <returns>The actual interface type that the type contains, or null if there is no
            implementation of the given interfaceType on type.</returns>
        </member>
        <member name="T:FullInspector.Internal.ReflectionUtilities.GenericParameterCandidate">
            <summary>
            A candidate type that can potentially be used as a generic parameter argument.
            </summary>
        </member>
        <member name="F:FullInspector.Internal.ReflectionUtilities.GenericParameterCandidate.Type">
            <summary>
            The actual type that will be the generic parameter.
            </summary>
        </member>
        <member name="F:FullInspector.Internal.ReflectionUtilities.GenericParameterCandidate.SourceParameterName">
            <summary>
            The name of the generic parameter that this type came from.
            </summary>
        </member>
    </members>
</doc>
