<?xml version="1.0"?>
<doc>
    <assembly>
        <name>FullInspectorSerializerBinaryFormatter</name>
    </assembly>
    <members>
        <member name="T:FullInspector.BinaryFormatterSerializer">
            <summary>
            Predefine the BinaryFormatterSerializer for convenience. This is just a FormatterSerialize
            using a BinaryFormatter.
            </summary>
        </member>
        <member name="T:FullInspector.FormatterSerializer`1">
            <summary>
            Provides Full Inspector integration for IFormatter serializer types. Typically the
            IFormatter instance will be BinaryFormatter.
            </summary>
            <typeparam name="TFormatter">The type of IFormatter to use. Typically this will be
            BinaryFormatter.</typeparam>
        </member>
    </members>
</doc>
